"", "Provincia","Estadillo","Sp","RGR","B_IFN2","B_IFN3","BP","AB3_Mgha_perc","geometry1","geometry2"
"1","Almeria","0795","Pinus sylvestris",43.2012279341387,49.2987663603882,84.690091184118,2.94927706864415,100,c(-2.93272658856649, 37.1365896776101)
"2","Almeria","0796","Quercus ilex",9.45756958672754,4.90163154960271,5.49071758177035,0.0490905026806363,100,c(-2.92190678713724, 37.1363576879324)
"3","Almeria","0797","Pinus pinaster",73.2142918974528,11.7382076559727,28.1638966069127,1.36880741257833,100,c(-2.91047880921959, 37.1363405942291)
"4","Almeria","0798","Quercus ilex",24.0220659677993,46.6617277585678,59.2589640724101,1.04976969282019,100,c(-2.89928730371046, 37.1363045715126)
"5","Almeria","0799","Pinus nigra",114.240115640639,5.99593792647534,23.4448100366466,1.45407267584761,100,c(-2.88829864712922, 37.136150498692)
"6","Almeria","0803","Quercus ilex",19.0816530428807,48.1535284138548,59.866228867791,0.97605837116135,100,c(-2.93328644560066, 37.1272963258907)
"7","Almeria","0805","Pinus pinaster",66.3195222566596,14.1933047103996,31.8682701075427,1.47291378309526,85.2877186790547,c(-2.91071463539723, 37.1272814749975)
"8","Almeria","0806","Quercus ilex",64.1177203461406,2.31106539677579,4.98843020995864,0.223113734431905,100,c(-2.8879964934428, 37.1272621883263)
"9","Almeria","0809","Pinus pinaster",74.0769533568515,2.25648496916811,5.48892112281738,0.269369679470772,100,c(-2.89940075147684, 37.1186457878246)
"10","Almeria","0810","Pinus sylvestris",53.343280777493,41.9120868240598,82.2083490619606,3.3580218531584,100,c(-2.88800987985793, 37.1181758489713)
"11","Almeria","0811","Pinus sylvestris",94.7472833147786,10.35445851114,32.2037833521806,1.82077707008672,100,c(-2.85384605957257, 37.1184902119183)
"12","Almeria","0812","Pinus sylvestris",61.9804807000487,26.505788801774,55.9766808806607,2.45590767324056,100,c(-3.02335432743837, 37.1092302124594)
"13","Almeria","0814","Quercus ilex",11.2739290067723,84.3814497615743,90.5840260939198,0.516881361028793,100,c(-2.85413329833839, 37.1095844886044)
"14","Almeria","0822","Pinus nigra",57.390361770885,74.5322261428245,147.809281791214,6.10642130403242,100,c(-2.9667600252172, 37.0918753715975)
"15","Almeria","0823","Pinus sylvestris",48.3311220117145,62.3943227841346,115.771323966878,4.44808343189529,59.6522235223157,c(-2.9549336933984, 37.0917452670886)
"16","Almeria","0824","Pinus sylvestris",45.7533059758581,27.676587715251,46.3155314010352,1.55324530714869,100,c(-2.94330974002691, 37.0918935231019)
"17","Almeria","0832","Pinus sylvestris",53.5093184869493,38.9275392123138,75.2311426546113,3.02530028685813,100,c(-2.98948021892525, 37.0822162368738)
"18","Almeria","0834","Pinus nigra",85.0081473372509,10.6831137899646,31.5893606587235,1.74218723906324,100,c(-2.96694408623466, 37.0826177405775)
"19","Almeria","0839","Pinus sylvestris",44.5224952445583,61.8230816580701,106.821737331934,3.74988797282198,100,c(-2.89875034256777, 37.0829667442307)
"20","Almeria","0840","Pinus sylvestris",90.8785775039579,17.5630598887785,51.0296609203319,2.78888341929612,100,c(-2.88783627327289, 37.0832363680737)
"21","Almeria","0842","Pinus sylvestris",25.8984200173469,125.708734024984,171.78847818559,3.83997868005047,100,c(-2.86560539487627, 37.0823388736932)
"22","Almeria","0844","Pinus sylvestris",56.4083327760391,10.5067543779473,21.0869262405906,0.881680988553611,100,c(-3.01167725663455, 37.073165759932)
"23","Almeria","0845","Pinus sylvestris",50.3258739168563,16.1382702735963,29.936725512119,1.14987126987689,100,c(-3.00046124202948, 37.0734367633785)
"24","Almeria","0847","Pinus sylvestris",116.112947122419,6.11935032863515,25.6328654764723,1.62612626231976,100,c(-2.97755662799102, 37.0734706982421)
"25","Almeria","0848","Pinus nigra",52.0563679894423,17.5308001603224,33.5412451653059,1.33420375041529,100,c(-2.96722927994632, 37.0735223804764)
"26","Almeria","0856","Pinus sylvestris",51.8221643774136,55.0951964990421,100.561319257376,3.78884356319453,100,c(-2.85413452799754, 37.0737166615486)
"27","Almeria","0859","Pinus sylvestris",61.5094771429787,41.5931184496275,87.9983282533679,3.86710081697836,100,c(-2.9776154521408, 37.0647087860911)
"28","Almeria","0862","Pinus sylvestris",40.3453988571944,58.8613049090887,96.8179930915465,3.16305734853815,100,c(-2.92185696527051, 37.0643155723267)
"29","Almeria","0863","Pinus sylvestris",41.4641028164354,30.8707154434092,51.2091607194309,1.69487043966848,100,c(-2.91013613792227, 37.064262200593)
"30","Almeria","0864","Pinus sylvestris",33.6557598723897,25.5778110868579,39.0747327925505,1.12474347547438,100,c(-2.89915736766459, 37.0644787337547)
"31","Almeria","0866","Pinus sylvestris",25.7441580732941,93.6600652024309,125.635581533656,2.66462636093543,100,c(-2.86547878907291, 37.0648419528467)
"32","Almeria","0867","Pinus sylvestris",45.2462620576971,30.5121113289517,52.9240781372367,1.86766390069041,100,c(-2.85478132647981, 37.0649014539377)
"33","Almeria","0869","Pinus sylvestris",52.4728481288238,59.5509611869536,113.44642749276,4.49128885881721,95.6143994319991,c(-2.97778678175928, 37.0557846238539)
"34","Almeria","0872","Pinus nigra",23.1331019491727,39.8700148035178,53.2207182683808,1.11255862207192,100,c(-2.92164031249307, 37.0562295703405)
"35","Almeria","0873","Pinus sylvestris",20.8319032574551,63.1515560052847,81.6314697034887,1.53999280818366,80.7648649733449,c(-2.91036049557522, 37.0552209916066)
"36","Almeria","0874","Quercus ilex",5.55515576970555,5.30540201329251,5.67112447682944,0.0304768719614109,100,c(-2.8988312371088, 37.055950895932)
"37","Almeria","0877","Pinus sylvestris",29.6766278007706,29.1889707607299,41.5302885361474,1.02844314795146,100,c(-2.8546290762251, 37.0562655398144)
"38","Almeria","0878","Pinus sylvestris",20.4545039593954,104.940559642455,137.998934092116,2.75486453747173,100,c(-2.9780820916129, 37.0457607190704)
"39","Almeria","0879","Pinus sylvestris",52.477294860898,6.86463408853642,13.0928132957951,0.519014933938224,57.9147634156229,c(-2.96664508534399, 37.0460104570877)
"40","Almeria","0880","Pinus nigra",32.3827626879088,102.310960550752,150.360617024037,4.00413803944041,100,c(-2.95488197860754, 37.0460876962153)
"41","Almeria","0881","Pinus nigra",29.9875153669706,68.8102146423573,99.7905959273021,2.58169844041206,87.9950396954454,c(-2.93271635068712, 37.0463386129995)
"42","Almeria","0882","Pinus sylvestris",25.2325300400947,30.2272694119805,41.0453601407811,0.901507560733389,100,c(-2.9211898201503, 37.0459348846722)
"43","Almeria","0883","Pinus sylvestris",18.3810224351844,84.0812946685076,105.221857916783,1.76171360402297,100,c(-2.91008986703191, 37.0462785522037)
"44","Almeria","0885","Pinus pinaster",37.3853689330604,87.0304030536862,137.966102946336,4.24464165772082,97.6655096983435,c(-2.97789347324449, 37.0369356191669)
"45","Almeria","0886","Quercus ilex",1.74856358803114,14.4000524688275,14.7053976476092,0.0254454315651442,100,c(-2.9666378196653, 37.036914959553)
"46","Almeria","0887","Pinus nigra",26.5037421623182,76.5732491318018,105.12052379312,2.37893955510983,91.0694147682776,c(-2.93281426881214, 37.037315289776)
"47","Almeria","0888","Quercus ilex",45.7655220264999,9.35069744723205,15.843897900034,0.541100037733496,100,c(-2.92132238848992, 37.0373442837684)
"48","Almeria","0889","Pinus sylvestris",11.7523996432939,39.8332707680651,45.7169531982764,0.490306869184272,77.9717572482075,c(-2.91047134111247, 37.0374537793398)
"49","Almeria","0890","Pinus halepensis",60.7989461066699,10.6958946193193,23.7096529095139,1.08447985751621,44.2185482680113,c(-2.88798256104137, 37.0373174930044)
"50","Almeria","0891","Pinus nigra",68.83863497285,11.0305098476179,26.0941305568115,1.25530172576614,100,c(-2.8765466049129, 37.0375224905248)
"51","Almeria","0894","Quercus ilex",117.590116381897,4.09163743038196,16.7772975504054,1.05713834333529,100,c(-2.92190498551199, 37.0284294494377)
"52","Almeria","0896","Pinus nigra",37.0362931206129,35.1707504509406,52.3492583664901,1.4315423262958,79.5387257837124,c(-2.8990704827624, 37.0281598221545)
"53","Almeria","0897","Pinus halepensis",18.6131537904001,70.0500528818076,87.7660571400502,1.47633368818689,100,c(-2.88863660514532, 37.0283397911101)
"54","Almeria","0898","Pinus nigra",45.7928700650471,28.65823439409,48.9121645137666,1.68782750997305,100,c(-2.87643747675095, 37.0285350464029)
"55","Almeria","0903","Pinus nigra",29.3386314226859,24.3534829755597,34.6238527060552,0.855864144207958,100,c(-2.89907060487168, 37.0195691090301)
"56","Almeria","0908","Pinus halepensis",45.089368274056,30.30524433684,50.5234918658013,1.68485396074678,100,c(-2.92180005692946, 37.0101391666715)
"57","Almeria","0910","Pinus halepensis",20.4680359483053,8.4411986468623,10.7826559084183,0.195121438462998,100,c(-2.8882692461301, 37.0104819284225)
"58","Almeria","0911","Pinus halepensis",47.1604037448814,3.55983805516645,6.26763355847726,0.225649625275901,100,c(-2.87759129517743, 37.0101468772579)
"59","Almeria","0922","Pinus halepensis",50.8777619270744,15.2581344020001,28.9673297960308,1.14243294950256,100,c(-2.77459735523617, 37.1271909585541)
"60","Almeria","0923","Quercus ilex",44.2110535034446,15.397057615166,26.9248496895027,0.960649339528054,81.1576540939311,c(-2.84189167750886, 37.1185019154155)
"61","Almeria","0924","Pinus halepensis",37.4009841634542,3.12364486780118,4.8930330008969,0.14744901109131,57.4653348906771,c(-2.83105206272681, 37.1183427367902)
"62","Almeria","0925","Pinus pinaster",128.962047974462,1.48256678820362,6.96793894723092,0.457114346585608,100,c(-2.76330027068584, 37.1181366906434)
"63","Almeria","0928","Pinus nigra",14.3806304013193,55.5591346588017,66.8023531970283,0.936934878185549,55.3500002627523,c(-2.83116280916616, 37.1090221643453)
"64","Almeria","0931","Pinus nigra",22.5892017630785,35.9575591070362,47.0352774288275,0.923143193482615,71.5803002674056,c(-2.79752040332941, 37.1094201998561)
"65","Almeria","0932","Pinus pinaster",32.4162488510699,44.0073367477463,65.7817326592419,1.81453299262463,100,c(-2.7747288055921, 37.1094241602432)
"66","Almeria","0933","Pinus pinaster",62.0532286663716,12.2827358368633,27.3280790212036,1.25377859869502,100,c(-2.76369937716495, 37.1092404362905)
"67","Almeria","0935","Pinus pinaster",36.4502334419133,48.5176388146789,75.1707434882733,2.22109205613287,65.3691170042017,c(-2.84280869479039, 37.0996272862446)
"68","Almeria","0944","Quercus ilex",9.52661618564691,8.26553685443553,9.21785530522232,0.0793598708988983,100,c(-2.77460307610478, 37.0910799065243)
"69","Almeria","0945","Quercus ilex",45.1946816867934,8.55347664589467,15.464165054436,0.57589070071178,100,c(-2.76371046670954, 37.0911758892752)
"70","Almeria","0946","Quercus ilex",21.3421104046883,7.52684258408593,9.86176710271185,0.194577043218826,100,c(-2.72967292893197, 37.0909048725952)
"71","Almeria","0947","Quercus ilex",28.1360015781077,3.97041034676556,5.57504250304582,0.133719346356688,100,c(-2.71808223911033, 37.0911122563918)
"72","Almeria","0948","Quercus ilex",55.6144407206115,9.57929200181463,18.3050958579165,0.727150321341821,100,c(-2.70685146311421, 37.091346440213)
"73","Almeria","0949","Pinus halepensis",104.872554872145,2.95084182256416,10.9843969644927,0.669462928494046,57.6810841647208,c(-2.69581375236688, 37.0911203286318)
"74","Almeria","0950","Quercus ilex",19.9364940169925,4.76772754985772,6.05635246225139,0.107385409366139,100,c(-2.68465174260889, 37.0910370874274)
"75","Almeria","0953","Pinus sylvestris",45.8033174998375,26.7957840407655,46.5146699640288,1.64324049360527,100,c(-2.80884227814083, 37.0828468981711)
"76","Almeria","0955","Pinus nigra",17.5628203011401,16.346267782754,20.2137696987945,0.322291826336708,100,c(-2.78609397723568, 37.0822852232051)
"77","Almeria","0957","Quercus ilex",-2.39374579510502,142.363023197459,136.286828438154,-0.506349563275378,100,c(-2.76353536884785, 37.0823415493274)
"78","Almeria","0958","Quercus ilex",18.5536395027271,103.447906440323,126.924679948546,1.95639779235187,100,c(-2.75243105282088, 37.082183675954)
"79","Almeria","0965","Pinus sylvestris",81.2653854780155,17.8992209488138,47.9038802356116,2.50038827389982,100,c(-2.84246942982024, 37.0732420129293)
"80","Almeria","0966","Pinus sylvestris",30.6089932860855,86.6466895612323,125.015598827787,3.1974091055462,100,c(-2.81975585018844, 37.073371929761)
"81","Almeria","0967","Quercus ilex",25.631038060667,18.4001997435191,25.0077412835766,0.550628461671451,100,c(-2.8083705283311, 37.0735884541444)
"82","Almeria","0968","Pinus nigra",44.0213311951481,33.4663673690395,57.5753391990824,2.00908098583691,81.7031437773759,c(-2.79719937281839, 37.0736239659144)
"83","Almeria","0969","Pinus sylvestris",46.2211264182809,46.6605723291722,84.2132436616373,3.12938927770543,100,c(-2.7858039013204, 37.0734146345614)
"84","Almeria","0970","Pinus sylvestris",61.4863613077851,30.300958334377,64.5554467082135,2.85454069781971,100,c(-2.77472324921538, 37.0732859355097)
"85","Almeria","0971","Pinus nigra",18.1938684784654,86.1900535542757,106.847316485306,1.72143857758588,92.2317052209956,c(-2.76318221659655, 37.0728938684525)
"86","Almeria","0972","Quercus ilex",22.9713174901143,6.43452716750214,8.41179928288369,0.164772676281795,100,c(-2.70759637159422, 37.0731845209191)
"87","Almeria","0973","Quercus ilex",25.9268772902652,12.886459846576,17.8055686434681,0.409925733074344,100,c(-2.69534669701463, 37.0728652334561)
"88","Almeria","0976","Pinus sylvestris",60.6438174685381,13.6315967839024,28.579203102711,1.24563385990072,100,c(-2.84220618938608, 37.0645518629861)
"89","Almeria","0977","Pinus nigra",55.8372095144926,2.39211319696211,4.67497433220099,0.190238427936573,100,c(-2.83095794301373, 37.0644462239861)
"90","Almeria","0978","Pinus nigra",19.2723285581067,162.378702143404,209.639572167358,3.93840583532952,100,c(-2.81994616174242, 37.0642497343773)
"91","Almeria","0980","Quercus ilex",8.96007726051258,23.4929190587112,26.3474963119687,0.237881437771458,100,c(-2.78603204910746, 37.0642835527896)
"92","Almeria","0981","Pinus pinaster",59.8158826775357,34.7180922910395,72.0100502162862,3.10766316043723,100,c(-2.7747053143522, 37.0641363809801)
"93","Almeria","0982","Pinus pinaster",27.5278684179958,73.3915671612019,103.04817439399,2.47138393606571,100,c(-2.75167897907957, 37.0643969000992)
"94","Almeria","0984","Pinus nigra",80.0770481919573,12.0554365134757,31.9587938690474,1.65861311296431,100,c(-2.83064074809943, 37.0553322862746)
"95","Almeria","0985","Pinus nigra",45.7618223612392,6.95827551693912,12.119519180822,0.430103638656909,100,c(-2.79758568352424, 37.0552534496051)
"96","Almeria","0986","Quercus ilex",51.2407744585421,5.69674444824171,10.556701380809,0.404996411047279,100,c(-2.78692388786618, 37.0550905500302)
"97","Almeria","0987","Quercus ilex",6.85951994073735,52.2458886573974,56.5059274913331,0.355003236161308,100,c(-2.77482119668105, 37.0553746824404)
"98","Almeria","0990","Pinus sylvestris",69.1874290376023,10.4687842745007,24.0483519644914,1.13163064083256,51.9930172977975,c(-2.7858359150032, 37.0460201695984)
"99","Almeria","1025","Pinus halepensis",65.8775760662062,14.8682280713027,34.1890659230408,1.61006982097817,100,c(-2.92160727230691, 37.0008451734592)
"100","Granada","0973","Populus nigra",91.8843340560493,18.4263781590153,52.1800633206874,2.81280709680601,49.5145602596945,c(-3.25918309413853, 37.234831744268)
"101","Granada","0993","Pinus pinaster",65.9589444582861,6.9118016770248,14.5334803014229,0.635139885366506,78.0337717052535,c(-3.2031692265844, 37.1905466920744)
"102","Granada","0994","Pinus pinaster",32.6015120053818,41.9048820287364,62.9872750373515,1.75686608405126,100,c(-3.19168892820679, 37.190908359348)
"103","Granada","0997","Pinus sylvestris",65.3508485051891,27.4367333598326,59.8609370729584,2.70201697609382,100,c(-3.22564331570195, 37.1816811908389)
"104","Granada","0998","Quercus ilex",48.9433606650108,11.6652481468793,20.93888456515,0.772803034855894,52.1597365863891,c(-3.20356174494246, 37.1814687885621)
"105","Granada","1001","Pinus nigra",39.4630433659176,47.5415338465358,75.6046117361659,2.33858982413585,58.6113899487067,c(-3.21465549040949, 37.1724260532193)
"106","Granada","1061","Pinus halepensis",44.9564882788517,23.666687570157,40.1905763236003,1.37699072945361,100,c(-3.15801343057531, 37.2081569921511)
"107","Granada","1062","Pinus halepensis",48.5501297402596,26.2445719253189,48.4811178728738,1.85304549562957,100,c(-3.16899290586654, 37.1992719546564)
"108","Granada","1063","Pinus pinaster",51.6343673883962,6.05739689667324,11.1903487192672,0.427745985216162,100,c(-3.18082687925806, 37.1907090964572)
"109","Granada","1066","Quercus ilex",39.1058665107272,14.9878647517217,23.9004655036326,0.742716729325907,100,c(-3.18060211171728, 37.1814879802122)
"110","Granada","1071","Pinus halepensis",55.9418757195299,2.40196729051514,4.70013209948954,0.1915137340812,100,c(-3.04515920091377, 37.1723684853229)
"111","Granada","1177","Pinus halepensis",178.556590909766,11.6321386527991,40.0232148740342,4.05586803160502,100,c(-3.55135112774299, 37.116991815342)
"112","Granada","1180","Pinus halepensis",36.7837630374601,13.2557467258162,20.89770224597,0.636829626679482,100,c(-3.56268699507167, 37.1079965308235)
"113","Granada","1181","Pinus halepensis",58.1000478999148,21.0244539449373,43.4996134946,1.87292996247189,100,c(-3.5511508575482, 37.1079966309103)
"114","Granada","1182","Pinus halepensis",147.419987814271,9.97478526622109,29.0432507700226,2.72406650054307,100,c(-3.53997580704232, 37.1081291769609)
"115","Granada","1184","Pinus pinaster",28.8650911876764,50.5727041155094,70.5382757140148,1.66379763320879,95.3068155498019,c(-3.54012672437831, 37.0992675686113)
"116","Granada","1187","Pinus pinaster",29.7644702449859,63.8620007788903,78.7097971017002,2.12111376040141,100,c(-3.5291026470608, 37.0723738470851)
"117","Granada","1188","Pinus halepensis",80.7215590094439,15.8146630850162,41.5660405062939,2.14594811843982,75.0805408255556,c(-3.56297483053438, 37.0632307491512)
"118","Granada","1189","Pinus halepensis",32.1331977917637,10.0748262524598,14.9870295302195,0.409350273146637,100,c(-3.55180821213223, 37.0636167460958)
"119","Granada","1193","Pinus halepensis",30.1811577355399,56.2804036365196,82.2172665921212,2.16140524630013,100,c(-3.56209702932068, 37.0540223784926)
"120","Granada","1196","Pinus halepensis",53.85111371388,8.89742228274627,18.2680578308479,0.78088629567514,100,c(-3.61901965226397, 37.0446617049878)
"121","Granada","1197","Pinus halepensis",27.304211818262,4.43064244193813,6.42028019784234,0.165803146325351,72.7140822468641,c(-3.60750543244415, 37.0447933357609)
"122","Granada","1200","Pinus halepensis",39.3434359650642,27.6346207797843,43.4915090861317,1.32140735886228,94.5681797499565,c(-3.57307408135844, 37.0450728151283)
"123","Granada","1201","Pinus nigra",39.0838445043103,16.8698560773317,26.8483984504714,0.831545197761639,100,c(-3.55033873261354, 37.0454869386298)
"124","Granada","1204","Pinus halepensis",40.4685976925329,10.3907741516177,13.6001847590341,0.45848722963091,100,c(-3.60683813576411, 37.0358366078156)
"125","Granada","1206","Pinus halepensis",41.4406350771098,3.45472351455886,6.23118531026971,0.231371816309238,100,c(-3.58463571743, 37.0364438659756)
"126","Granada","1207","Pinus halepensis",24.366686671971,72.5199967341435,97.8671734770977,2.11226472857952,87.1729978803444,c(-3.57277238361814, 37.0363484847971)
"127","Granada","1216","Pinus pinaster",36.5179861432534,17.6488173072181,28.383942156365,0.894593737428909,100,c(-3.53913528134027, 37.0084896962116)
"128","Granada","1219","Pinus sylvestris",63.9281683016506,30.5714389852414,65.2518538982882,2.89003457608723,100,c(-3.21463025209016, 37.1635020839072)
"129","Granada","1220","Pinus sylvestris",24.5462202258295,76.7028023914713,102.284251756361,2.13178744707413,63.9325820957679,c(-3.203163654671, 37.1632248287437)
"130","Granada","1223","Pinus nigra",82.86629690063,6.7030893817017,18.126756316769,0.95197224458894,73.0024280912282,c(-3.20316239534203, 37.1543368569434)
"131","Granada","1228","Pinus sylvestris",79.8050504579164,35.1488999694519,95.8063277380263,5.0547856473812,100,c(-3.21429743378708, 37.1453481331995)
"132","Granada","1229","Pinus pinaster",31.532901861069,55.9192020009637,80.5165106872446,2.04977572385674,64.5502625779127,c(-3.19151809566358, 37.1455493839934)
"133","Granada","1236","Pinus sylvestris",39.94606379518,71.8811486400886,117.261351977187,3.78168361142482,78.2565281595221,c(-3.20294505486075, 37.13621870144)
"134","Granada","1237","Pinus sylvestris",40.4453959951755,52.6069759879614,88.537822741735,2.99423722948113,62.0406495936075,c(-3.19088468741998, 37.1354635136958)
"135","Granada","1238","Pinus sylvestris",90.9920037922625,2.85092972024519,8.49560698175697,0.470389771792649,100,c(-3.439768656543, 37.1266436517475)
"136","Granada","1244","Pinus pinaster",21.2570488318331,97.0421159865099,126.344596795384,2.44187340073953,98.1649591617686,c(-3.51881390924656, 37.117607398098)
"137","Granada","1245","Pinus pinaster",43.1502168563588,5.64535384627843,9.42112935305981,0.314647958898449,100,c(-3.50743348400505, 37.1175484827367)
"138","Granada","1247","Quercus ilex",25.1906389619969,32.8519633305198,47.8237071755828,1.24764532042192,100,c(-3.48490816092778, 37.1172911988958)
"139","Granada","1249","Pinus pinaster",74.6686963713006,36.6043259013246,88.474642264204,4.32252636357328,95.663906457788,c(-3.46210488837181, 37.1175805827449)
"140","Granada","1252","Quercus pyrenaica",11.7450437224493,165.459876049274,194.217865794812,2.39649914546149,100,c(-3.34872260892358, 37.1180133621531)
"141","Granada","1253","Quercus ilex",13.2258852842742,95.6051055141766,111.364552724686,1.31328726754249,72.7488480207314,c(-3.33778378754842, 37.1185408133304)
"142","Granada","1254","Pinus sylvestris",66.3385468333713,2.68963730437376,5.96237514191488,0.272728153128426,100,c(-3.19198885268092, 37.1179470954962)
"143","Granada","1260","Pinus sylvestris",54.8232499425177,22.5261893515608,42.9024552580889,1.69802215887735,69.930279647188,c(-3.50709374525182, 37.100359920209)
"144","Granada","1263","Quercus pyrenaica",41.1770523928052,3.89955156054875,6.39160998675668,0.207671535517327,100,c(-3.43941270891905, 37.1001162273181)
"145","Granada","1268","Pinus pinaster",47.2512592071583,6.17697547652926,10.8594275385111,0.39020433849849,100,c(-3.51921571605846, 37.0907253860643)
"146","Granada","1269","Pinus pinaster",18.5235803504265,48.0614064997881,56.132591439208,0.672598744951658,100,c(-3.5073313540185, 37.0904252695251)
"147","Granada","1270","Pinus pinaster",28.5705115254632,60.8322294679915,73.3337687721523,1.78593418630869,100,c(-3.49551728265537, 37.090538321098)
"148","Granada","1271","Pinus pinaster",42.7634964432553,18.6562900417749,28.3936480255575,0.811446498648549,100,c(-3.48498588474788, 37.0906449571126)
"149","Granada","1272","Pinus pinaster",31.7201804222533,61.5184335633891,83.0726249329377,1.79618261412905,100,c(-3.47297881319537, 37.0904951405647)
"150","Granada","1276","Pinus sylvestris",45.7697264486337,6.12379041049945,8.42926901012835,0.329354085661272,100,c(-3.47308971829103, 37.081183014741)
"151","Granada","1279","Pinus pinaster",93.6414379775382,13.88370993552,39.6278216747129,2.14534264493274,100,c(-3.5070405359631, 37.0636542944797)
"152","Granada","1280","Pinus nigra",46.1947177951414,50.4909299077707,87.7317815776862,3.10340430582629,68.6310461955643,c(-3.49625705745021, 37.0642046949475)
"153","Granada","1288","Pinus pinaster",20.9799006455315,14.3802318738828,18.1827822386619,0.316879197064924,100,c(-3.51798047740424, 37.026567437245)
"154","Granada","1289","Pinus sylvestris",50.2949789942681,63.7912384111041,114.197993521233,4.20056292584411,100,c(-3.23559999292243, 37.0283204237998)
"155","Granada","1290","Pinus sylvestris",105.679495790273,1.72784451381452,6.14125203204494,0.367783959852535,100,c(-3.21493364069851, 37.0277917501924)
"156","Granada","1298","Quercus ilex",38.767964332814,39.5568264832848,62.2891482498806,1.89436014721631,100,c(-3.48359551044736, 37.0081070038686)
"157","Granada","1302","Pinus pinaster",41.2683337056522,19.6860239014242,32.251100303106,1.04708970014015,100,c(-3.15830265523609, 37.1631580316168)
"158","Granada","1305","Pinus pinaster",67.5859387144776,8.16418479079467,18.3466022764538,0.848534790471593,100,c(-3.09083663589429, 37.1630216214344)
"159","Granada","1306","Pinus pinaster",30.596305107669,44.6541999944592,64.4151809179201,1.6467484102884,100,c(-3.05779107761088, 37.1633848820989)
"160","Granada","1307","Quercus ilex",55.9929414288284,7.60095909744323,14.8800431073632,0.606590334159998,88.0552461619079,c(-3.04611100523099, 37.1630294350808)
"161","Granada","1309","Pinus pinaster",48.7405902009647,33.4079015734729,59.6696147501678,2.1884760980579,100,c(-3.18034608740689, 37.1543467291909)
"162","Granada","1311","Pinus pinaster",49.4113852204904,27.3918005812052,51.9964382791428,2.05038647482814,100,c(-3.1470223405667, 37.1542575389088)
"163","Granada","1312","Pinus pinaster",49.370910820223,8.97494394712727,15.6744606702046,0.558293060256448,100,c(-3.13579402014705, 37.1540636093003)
"164","Granada","1313","Pinus pinaster",49.1109178795902,20.4836023242597,37.473121548844,1.41579326871536,100,c(-3.12472380244235, 37.1541028185349)
"165","Granada","1314","Pinus sylvestris",55.5954369466007,7.47583200318961,14.9469605103134,0.622594042260319,100,c(-3.11315793351637, 37.1540603403255)
"166","Granada","1315","Pinus pinaster",32.6590157284104,61.7192311538466,93.346966166198,2.63564458436262,100,c(-3.05736723770902, 37.1539832912379)
"167","Granada","1316","Pinus pinaster",35.7020202685069,11.043604738647,16.9720313600163,0.494035551780773,100,c(-3.04577877218639, 37.1537359364005)
"168","Granada","1318","Pinus nigra",43.9199619229146,2.94781406455714,4.99333210631082,0.170459836812807,100,c(-3.01210636355767, 37.1540235992051)
"169","Granada","1319","Pinus halepensis",72.0359914626584,3.0869474162903,7.3273550298096,0.353367301126608,100,c(-3.00128383413139, 37.1538168840683)
"170","Granada","1320","Pinus nigra",62.5608577922565,22.5077004281185,48.8966387108926,2.19907819023118,100,c(-2.98925632785928, 37.1538704892467)
"171","Granada","1321","Pinus sylvestris",26.7762646229504,38.2329634155348,52.7175942223099,1.20705256723126,67.361486544604,c(-2.97819733353628, 37.1538509424283)
"172","Granada","1324","Pinus nigra",84.2223499176472,9.62223578657706,29.3409860681212,1.64322919012868,100,c(-3.16958136197966, 37.1449427909781)
"173","Granada","1325","Pinus pinaster",45.0098950583383,46.9299503157496,80.7646873671394,2.81956142094915,100,c(-3.1585569980078, 37.1447236816488)
"174","Granada","1326","Pinus pinaster",29.7664071626779,14.4749995952004,19.5560010197252,0.423416785377062,60.5570010488895,c(-3.13609304853098, 37.1449679435373)
"175","Granada","1327","Pinus nigra",40.2822759081933,42.7396513853796,69.251720415534,2.2093390858462,96.0731290478213,c(-3.12453972441505, 37.1448634610012)
"176","Granada","1328","Pinus nigra",43.1810502150833,23.8170530631444,40.6770280550723,1.40499791599399,51.4355353252768,c(-3.11345964595471, 37.1449466985527)
"177","Granada","1329","Pinus pinaster",77.7560078148656,2.96161120598413,7.56221566851382,0.383383705210807,100,c(-3.10221052576049, 37.1449479184091)
"178","Granada","1330","Pinus pinaster",71.7653751142613,19.5150591405206,47.6622211517415,2.34559683426841,100,c(-3.09099500039496, 37.1447948033811)
"179","Granada","1332","Pinus pinaster",38.971458505899,47.3489339253032,75.3686268992764,2.33497441449776,100,c(-3.06839575941939, 37.1451345096565)
"180","Granada","1333","Pinus pinaster",26.565983744731,68.9684462412123,95.6546417837535,2.2238496285451,91.8864768556326,c(-3.03449055651946, 37.1449238695659)
"181","Granada","1334","Pinus pinaster",46.3400183467928,36.9874435744993,66.9046963021912,2.49310439397432,100,c(-3.02372564442325, 37.1449715841937)
"182","Granada","1336","Quercus ilex",34.6647007765046,12.4606654793658,19.0547362999943,0.549505901719044,100,c(-2.97770427964309, 37.1454676432469)
"183","Granada","1338","Pinus pinaster",40.0216368260462,53.1208504362624,85.2259667045617,2.6754263556916,100,c(-2.94405806743567, 37.1453934394491)
"184","Granada","1339","Pinus nigra",69.1020832028402,22.3340533577691,52.213837760629,2.48998203357166,100,c(-2.93276376734148, 37.1454686987154)
"185","Granada","1340","Pinus pinaster",73.2449580586899,23.4189946487032,55.2847061910672,2.65547596186367,92.084504452784,c(-3.18037047848073, 37.1361650582394)
"186","Granada","1341","Pinus pinaster",86.1853284558797,15.0180409430246,42.8066216349501,2.31571505766046,100,c(-3.1585276041689, 37.1360340259396)
"187","Granada","1342","Pinus nigra",31.7131583171182,85.842755369538,124.298795389373,3.20467000165295,100,c(-3.14724621571942, 37.1361297039412)
"188","Granada","1344","Quercus ilex",48.5414504760062,2.45502571191464,4.39573450565116,0.161725732811377,100,c(-3.09065814458821, 37.1361594457735)
"189","Granada","1345","Quercus ilex",25.4799236160834,5.86975675067524,7.96910568996813,0.174945744941074,38.0045665234985,c(-3.07953392526472, 37.1359240474931)
"190","Granada","1346","Pinus pinaster",40.0371371257329,20.5668839111077,33.0485217144151,1.04013648360895,61.7418112849694,c(-3.06817340674023, 37.1357688693624)
"191","Granada","1348","Pinus sylvestris",29.9061092655673,66.6883836422521,95.4987515826827,2.40086399503588,72.8080637222784,c(-3.04564433525568, 37.1361672965745)
"192","Granada","1349","Pinus pinaster",28.7715194238281,74.2160890097669,105.866877223226,2.63756568445496,82.4196020383434,c(-3.03454288254327, 37.1361800655967)
"193","Granada","1350","Pinus sylvestris",71.6927683623381,8.38547541977556,19.7600272558506,0.947879319672919,100,c(-3.01212609783452, 37.1365540613881)
"194","Granada","1351","Pinus pinaster",40.5765806217589,39.2674684838027,64.78433446387,2.12640549833894,78.2403401484188,c(-3.00100205893114, 37.13618509427)
"195","Granada","1352","Pinus nigra",57.2341630553726,12.365787548462,24.7558818584544,1.03250785916603,100,c(-2.94397432615505, 37.136793840093)
"196","Granada","1353","Pinus sylvestris",77.7656648821749,41.6766370802303,107.294238346972,5.46813343889518,100,c(-3.1807429115689, 37.1270691460401)
"197","Granada","1354","Pinus sylvestris",43.8420103860096,56.3065205159645,94.8508068889651,3.21202386441672,100,c(-3.14749912862878, 37.1272143249547)
"198","Granada","1356","Pinus sylvestris",35.4098369261048,43.5466470978031,65.570535584859,1.83532404058799,62.5283183969865,c(-3.11348869446142, 37.1267018935098)
"199","Granada","1357","Pinus sylvestris",27.0071260407809,21.0780461165934,29.7950408286793,0.726416226007157,100,c(-3.05707644635843, 37.126688389398)
"200","Granada","1358","Pinus sylvestris",32.3270606783928,47.3330046129973,70.4098527683115,1.92307067960952,64.6416188955982,c(-3.02341627676363, 37.1276553254626)
"201","Granada","1359","Pinus pinaster",42.9463806744566,44.4537910242335,74.4176988874884,2.4969923219379,50.4493168271457,c(-3.00056288868623, 37.1273060815451)
"202","Granada","1360","Pinus pinaster",69.4341630929115,14.3244987763322,33.6169717015713,1.60770607710326,54.7297329791701,c(-2.97778848432409, 37.1270606177597)
"203","Granada","1361","Pinus nigra",34.7797516494662,71.3614690542794,109.238104124927,3.15638625588733,100,c(-2.96712733047808, 37.1272384256525)
"204","Granada","1362","Pinus nigra",44.341107887224,35.282859260574,60.2939880890586,2.08426073570705,74.8659272867948,c(-2.95531794996841, 37.1272165344062)
"205","Granada","1363","Pinus sylvestris",76.0897267984396,26.5952596376455,66.839816154057,3.35371304303429,100,c(-3.15792700263606, 37.1179162314587)
"206","Granada","1364","Pinus sylvestris",48.6595858546215,73.5912086589954,134.48225510307,5.07425387033954,100,c(-3.1357066976852, 37.1177905050904)
"207","Granada","1365","Pinus pinaster",22.9803329236309,141.292433625696,187.107233868798,3.81790002025848,82.8202858441448,c(-3.0910529471812, 37.1179774350762)
"208","Granada","1366","Pinus nigra",28.9345256644524,77.3072575902407,109.57672897403,2.68912261531576,100,c(-3.08034799616576, 37.1178589735098)
"209","Granada","1367","Pinus nigra",27.9311903336187,31.0372891622206,44.9829798499469,1.16214089064386,56.7950696285976,c(-3.06816857594692, 37.1178305447891)
"210","Granada","1368","Pinus pinaster",79.1149952110352,15.2933288575311,39.4331788294235,2.01165416432437,61.3773969008661,c(-2.97816255845946, 37.1181185583615)
"211","Granada","1370","Pinus nigra",32.2996647805012,94.4203539365669,141.553127150779,3.92773110118438,88.5440069787789,c(-2.95551469145226, 37.1180581383218)
"212","Granada","1372","Pinus sylvestris",27.6432858343146,91.7446320671851,127.795137640916,3.0042087978109,100,c(-3.0681608756687, 37.1092399641396)
"213","Granada","1373","Pinus sylvestris",38.230154643025,142.908252530137,230.586270039711,7.30650145913109,92.6058559769857,c(-3.0568718760361, 37.1090566166932)
"214","Granada","1376","Pinus sylvestris",70.8432524416726,25.0585523331848,59.0282548668335,2.83080854447072,100,c(-3.02353167052747, 37.1003781643421)
"215","Granada","1390","Pinus sylvestris",64.17328529794,41.6343586443717,89.319333369077,3.97374789372544,100,c(-3.02249955980508, 37.0732633582871)
"216","Granada","1395","Pinus sylvestris",56.7756189629123,53.3427256174202,109.496337518601,4.67946765843175,100,c(-3.12373280787249, 37.0641866364298)
"217","Granada","1398","Pinus sylvestris",66.5109063272954,27.469400229866,61.7331979397251,2.85531647582159,100,c(-3.02319416654071, 37.0638071973818)
"218","Granada","1402","Pinus sylvestris",124.53913433379,1.40496200235438,6.2618763075201,0.40474285876381,100,c(-3.1249999681419, 37.054945616483)
"219","Granada","1406","Quercus ilex",28.5998493932086,44.8080152628462,63.7860892822919,1.58150616828714,77.0634702187752,c(-3.12496315237375, 37.046210753215)
"220","Granada","1408","Pinus sylvestris",137.472289861841,1.71901476060838,8.94789931605449,0.602407046287176,100,c(-3.04571429558643, 37.0465021284573)
"221","Granada","1411","Quercus ilex",28.9633831750655,35.5233586102826,49.6536490760737,1.17752420548259,100,c(-3.13463973843251, 37.0364286005305)
"222","Granada","1413","Quercus ilex",36.5056847897528,44.0853735276054,67.8695817515727,1.98201735199727,100,c(-3.15740354743631, 37.0280893365205)
"223","Granada","1414","Quercus ilex",50.469279848387,26.5414575134096,40.7789190132756,1.18645512498883,100,c(-3.13598630066249, 37.0285755458614)
"224","Granada","1416","Pinus pinaster",38.2178518973111,55.7380416539523,89.6681734569183,2.8275109835805,88.4375846714621,c(-3.15738495112564, 37.0190749767776)
"225","Granada","1419","Pinus pinaster",22.2869128482941,68.582443045403,90.8888725719354,1.85886912721103,56.8485795079447,c(-3.16926857953289, 37.009422231582)
"226","Granada","1420","Quercus ilex",13.7990123643804,51.8500897670249,59.7196519981563,0.655796852594285,93.3657987177959,c(-3.14612594312856, 37.010074974611)
"227","Granada","1421","Pinus nigra",139.479807131373,5.67842175475899,28.4978688767216,1.90162059349689,62.9052800653551,c(-3.13488551549311, 37.0100882813888)
"228","Granada","1488","Pinus pinaster",74.6276036207139,3.55871917199204,8.71400882494647,0.429607471079536,55.8103919194095,c(-3.52844183814726, 36.9997758739981)
"229","Granada","1672","Quercus ilex",38.3425299003403,32.1339445232274,50.4349303993114,1.52508215634033,100,c(-3.25791526631856, 37.0010235435089)
"230","Granada","1674","Pinus sylvestris",83.1589176845823,22.9000360923317,65.608518969666,3.55904023977785,100,c(-3.22408432115065, 37.0005964404109)
"231","Granada","1675","Pinus sylvestris",77.5517530623816,11.128526997001,28.2155156644591,1.42391572228817,100,c(-3.21362276861549, 37.0013098388953)
"232","Granada","1682","Pinus sylvestris",48.4426598295736,29.6703513696097,53.4475915672428,1.98143668313609,100,c(-3.2362849061226, 36.9917116112347)
"233","Granada","1688","Pinus sylvestris",112.036463509898,8.68055163274297,39.4409834084332,2.56336931464085,100,c(-3.38284883200882, 36.9830812320476)
"234","Granada","1689","Quercus pyrenaica",20.2247587550494,14.4966057569556,18.5317408602957,0.336261258611676,78.6057903163652,c(-3.3710599950661, 36.9827040016991)
"235","Granada","1691","Quercus ilex",35.9161745491254,40.2410460635843,61.4639558184359,1.7685758129043,85.1782986245102,c(-3.25857382954507, 36.9830834223202)
"236","Granada","1692","Pinus sylvestris",20.4682570992693,105.206405508471,135.277256780248,2.5059042726481,54.3099739874813,c(-3.40514619383874, 36.9732987229537)
"237","Granada","1695","Quercus ilex",35.0023382227415,37.9137030716188,59.2583585846751,1.77872129275469,100,c(-3.25863223472614, 36.9737803961633)
"238","Granada","1696","Pinus sylvestris",54.1176700899567,41.5917737736381,80.9420921284127,3.27919319623122,58.1210760977125,c(-3.2472749783485, 36.9742192573748)
"239","Granada","1699","Quercus pyrenaica",12.4211125464929,78.3791508074783,90.5407671615455,1.0134680295056,93.1328990403667,c(-3.4156670753377, 36.963878353506)
"240","Granada","1701","Pinus sylvestris",44.6456722195175,43.5457292134736,75.6010643945134,2.67127793175331,100,c(-3.30351585025714, 36.9651554940896)
"241","Granada","1704","Quercus pyrenaica",20.1822724295503,25.8053412494742,32.2635174762052,0.538181352227588,100,c(-3.43824474693829, 36.9557202524246)
"242","Granada","1705","Quercus pyrenaica",20.4430094911542,66.4037162575712,83.3221268239179,1.40986754719555,100,c(-3.42657419155008, 36.9556996482218)
"243","Granada","1707","Pinus sylvestris",24.3433232208872,95.2279872398689,130.83757435572,2.96746559298756,100,c(-3.38181056414322, 36.95518494339)
"244","Granada","1709","Pinus sylvestris",52.2830100737349,36.7904257087043,69.4642884266683,2.72282189316367,100,c(-3.33683863422987, 36.9557086445592)
"245","Granada","1710","Quercus ilex",24.7219365915795,33.3722542712901,44.4598941981569,0.923969993905564,100,c(-3.32574068133329, 36.9556314321997)
"246","Granada","1711","Quercus pyrenaica",53.6890845210786,43.6720128032921,84.3392223144228,3.38893412592756,77.0823919993129,c(-3.31450840069653, 36.9556617119389)
"247","Granada","1712","Quercus pyrenaica",63.5373899862849,19.3448670359931,39.3740635927984,1.66909971306711,100,c(-3.3034557846859, 36.9556814557912)
"248","Granada","1713","Quercus pyrenaica",29.1581889515545,26.6108126016876,37.3200609429083,0.892437361768386,100,c(-3.29224586898303, 36.9556915436677)
"249","Granada","1719","Quercus pyrenaica",30.1196863375887,72.3300792791372,108.26506100063,2.99458181012443,100,c(-3.42669073022277, 36.9463873189335)
"250","Granada","1721","Quercus pyrenaica",38.8518368077614,90.4862466097395,134.607191041369,3.67674536930247,100,c(-3.39294217032752, 36.9465127923607)
"251","Granada","1723","Pinus pinaster",58.76414942003,29.435033331106,58.5034171088842,2.42236531481485,70.4732788804791,c(-3.26954735342705, 36.9467578029405)
"252","Granada","1726","Pinus pinaster",125.942314491129,10.9843922911975,51.8127381171569,3.40236215216329,100,c(-3.34812314867723, 36.9375389971206)
